{"cameraMode":{"drawMode":0,"name":"Shaded","section":"Shading Mode"},"sceneLighting":false,"audioPlay":false,"sceneViewState":{"showFog":false,"showMaterialUpdate":false,"showSkybox":false,"showFlares":false,"showImageEffects":false,"showParticleSystems":false},"in2DMode":false,"pivot":{"x":-4.758105754852295,"y":6.7100019454956059,"z":-4.971405029296875},"rotation":{"x":-0.06776063144207001,"y":-0.005394838750362396,"z":0.0003441535809542984,"w":-0.9977340698242188},"size":4.928776264190674,"orthographic":false}