{"cameraMode":{"drawMode":0,"name":"Shaded","section":"Shading Mode"},"sceneLighting":true,"audioPlay":false,"sceneViewState":{"showFog":false,"showMaterialUpdate":false,"showSkybox":true,"showFlares":false,"showImageEffects":false,"showParticleSystems":false},"in2DMode":false,"pivot":{"x":0.7714698314666748,"y":1.5779320001602173,"z":-0.5674619674682617},"rotation":{"x":-0.5144250988960266,"y":0.010696920566260815,"z":-0.0066359639167785648,"w":-0.8575959801673889},"size":0.3897114396095276,"orthographic":false}