{"cameraMode":{"drawMode":0,"name":"Shaded","section":"Shading Mode"},"sceneLighting":false,"audioPlay":false,"sceneViewState":{"showFog":false,"showMaterialUpdate":false,"showSkybox":false,"showFlares":false,"showImageEffects":false,"showParticleSystems":false},"in2DMode":false,"pivot":{"x":0.014000028371810913,"y":-0.09499993920326233,"z":0.5600000023841858},"rotation":{"x":-0.4271639883518219,"y":-0.0049246251583099369,"z":0.0022472774144262077,"w":-0.9042751789093018},"size":0.5196183323860169,"orthographic":false}