{"cameraMode":{"drawMode":0,"name":"Shaded","section":"Shading Mode"},"sceneLighting":true,"audioPlay":false,"sceneViewState":{"showFog":false,"showMaterialUpdate":false,"showSkybox":true,"showFlares":false,"showImageEffects":false,"showParticleSystems":false},"in2DMode":false,"pivot":{"x":0.05085919797420502,"y":1.5821075439453126,"z":-0.5778805017471314},"rotation":{"x":-0.5092723369598389,"y":-0.011211594566702843,"z":0.006415435113012791,"w":-0.8606610298156738},"size":0.3897114396095276,"orthographic":false}